Entity,Code,Year,Annual COâ‚‚ emissions (per capita)
Afghanistan,AFG,2018,0.27737236
Afghanistan,AFG,2019,0.27472728
Afghanistan,AFG,2020,0.28458965
Afghanistan,AFG,2021,0.2467185
Afghanistan,AFG,2022,0.25062045
Africa,,2018,1.0589373
Africa,,2019,1.0815163
Africa,,2020,0.99283797
Africa,,2021,1.0448412
Africa,,2022,1.0096707
Albania,ALB,2018,1.7949029
Albania,ALB,2019,1.7124815
Albania,ALB,2020,1.6939825
Albania,ALB,2021,1.802687
Albania,ALB,2022,1.5908402
Algeria,DZA,2018,4.104483
Algeria,DZA,2019,4.2135787
Algeria,DZA,2020,3.8857946
Algeria,DZA,2021,4.0668306
Algeria,DZA,2022,4.238998
Andorra,AND,2018,6.6280575
Andorra,AND,2019,6.4186583
Andorra,AND,2020,4.876055
Andorra,AND,2021,5.2824354
Andorra,AND,2022,5.311056
Angola,AGO,2018,0.7437751
Angola,AGO,2019,0.6860121
Angola,AGO,2020,0.49473175
Angola,AGO,2021,0.5565367
Angola,AGO,2022,0.59180546
Anguilla,AIA,2018,8.944464
Anguilla,AIA,2019,9.625867
Anguilla,AIA,2020,9.12056
Anguilla,AIA,2021,9.600221
Anguilla,AIA,2022,10.061682
Antigua and Barbuda,ATG,2018,6.768622
Antigua and Barbuda,ATG,2019,6.9769855
Antigua and Barbuda,ATG,2020,6.700688
Antigua and Barbuda,ATG,2021,6.8632064
Antigua and Barbuda,ATG,2022,6.9125686
Argentina,ARG,2018,4.0865293
Argentina,ARG,2019,4.011869
Argentina,ARG,2020,3.6425223
Argentina,ARG,2021,4.1974697
Argentina,ARG,2022,4.047052
Armenia,ARM,2018,2.000749
Armenia,ARM,2019,2.1639683
Armenia,ARM,2020,2.3505504
Armenia,ARM,2021,2.5609183
Armenia,ARM,2022,2.6723685
Aruba,ABW,2018,8.15775
Aruba,ABW,2019,7.766699
Aruba,ABW,2020,7.6410794
Aruba,ABW,2021,8.004834
Aruba,ABW,2022,8.241623
Asia,,2018,4.41561
Asia,,2019,4.4992776
Asia,,2020,4.4149313
Asia,,2021,4.5623293
Asia,,2022,4.685265
Asia (excl. China and India),,2018,4.0822535
Asia (excl. China and India),,2019,4.134728
Asia (excl. China and India),,2020,3.9678957
Asia (excl. China and India),,2021,4.0292544
Asia (excl. China and India),,2022,4.059062
Australia,AUS,2018,16.512163
Australia,AUS,2019,16.28262
Australia,AUS,2020,15.481285
Australia,AUS,2021,14.96633
Australia,AUS,2022,14.65893
Austria,AUT,2018,7.5287404
Austria,AUT,2019,7.651411
Austria,AUT,2020,6.969737
Austria,AUT,2021,7.3325477
Austria,AUT,2022,6.779517
Azerbaijan,AZE,2018,3.4439225
Azerbaijan,AZE,2019,3.734001
Azerbaijan,AZE,2020,3.559036
Azerbaijan,AZE,2021,3.7422564
Azerbaijan,AZE,2022,3.999354
Bahamas,BHS,2018,6.2509995
Bahamas,BHS,2019,6.386963
Bahamas,BHS,2020,5.1830635
Bahamas,BHS,2021,6.877262
Bahamas,BHS,2022,7.4507422
Bahrain,BHR,2018,21.83343
Bahrain,BHR,2019,25.319227
Bahrain,BHR,2020,25.23751
Bahrain,BHR,2021,24.148386
Bahrain,BHR,2022,24.66764
Bangladesh,BGD,2018,0.52963835
Bangladesh,BGD,2019,0.57489496
Bangladesh,BGD,2020,0.5756478
Bangladesh,BGD,2021,0.58768314
Bangladesh,BGD,2022,0.6030491
Barbados,BRB,2018,5.154179
Barbados,BRB,2019,4.949633
Barbados,BRB,2020,4.456891
Barbados,BRB,2021,4.2179356
Barbados,BRB,2022,4.6577086
Belarus,BLR,2018,6.558066
Belarus,BLR,2019,6.5890727
Belarus,BLR,2020,6.322667
Belarus,BLR,2021,6.5786033
Belarus,BLR,2022,6.226867
Belgium,BEL,2018,8.772404
Belgium,BEL,2019,8.685232
Belgium,BEL,2020,7.9076037
Belgium,BEL,2021,8.204076
Belgium,BEL,2022,7.6375527
Belize,BLZ,2018,1.7345725
Belize,BLZ,2019,1.9942306
Belize,BLZ,2020,1.6724775
Belize,BLZ,2021,1.7544485
Belize,BLZ,2022,1.7970879
Benin,BEN,2018,0.45774767
Benin,BEN,2019,0.41429225
Benin,BEN,2020,0.42393637
Benin,BEN,2021,0.43283412
Benin,BEN,2022,0.44276863
Bermuda,BMU,2018,10.902713
Bermuda,BMU,2019,9.255699
Bermuda,BMU,2020,6.7700143
Bermuda,BMU,2021,7.9883714
Bermuda,BMU,2022,8.193772
Bhutan,BTN,2018,2.213729
Bhutan,BTN,2019,2.0460508
Bhutan,BTN,2020,1.5761578
Bhutan,BTN,2021,1.8759198
Bhutan,BTN,2022,1.9843147
Bolivia,BOL,2018,1.9558697
Bolivia,BOL,2019,1.9371525
Bolivia,BOL,2020,1.5504168
Bolivia,BOL,2021,1.8234005
Bolivia,BOL,2022,1.9448458
Bonaire Sint Eustatius and Saba,BES,2018,5.2376113
Bonaire Sint Eustatius and Saba,BES,2019,5.427725
Bonaire Sint Eustatius and Saba,BES,2020,4.9820213
Bonaire Sint Eustatius and Saba,BES,2021,5.091308
Bonaire Sint Eustatius and Saba,BES,2022,5.114818
Bosnia and Herzegovina,BIH,2018,6.5186605
Bosnia and Herzegovina,BIH,2019,6.2203493
Bosnia and Herzegovina,BIH,2020,6.31391
Bosnia and Herzegovina,BIH,2021,6.554153
Bosnia and Herzegovina,BIH,2022,6.4724236
Botswana,BWA,2018,3.324487
Botswana,BWA,2019,3.209815
Botswana,BWA,2020,2.617259
Botswana,BWA,2021,2.782961
Botswana,BWA,2022,3.0311775
Brazil,BRA,2018,2.3123908
Brazil,BRA,2019,2.2979572
Brazil,BRA,2020,2.1470218
Brazil,BRA,2021,2.3696554
Brazil,BRA,2022,2.2826612
British Virgin Islands,VGB,2018,4.54276
British Virgin Islands,VGB,2019,5.029789
British Virgin Islands,VGB,2020,4.8313017
British Virgin Islands,VGB,2021,4.8423333
British Virgin Islands,VGB,2022,4.8443384
Brunei,BRN,2018,21.335896
Brunei,BRN,2019,21.60471
Brunei,BRN,2020,24.937006
Brunei,BRN,2021,25.920458
Brunei,BRN,2022,26.8725
Bulgaria,BGR,2018,6.192869
Bulgaria,BGR,2019,6.0490556
Bulgaria,BGR,2020,5.274422
Bulgaria,BGR,2021,6.1601954
Bulgaria,BGR,2022,6.8755846
Burkina Faso,BFA,2018,0.25570858
Burkina Faso,BFA,2019,0.2680103
Burkina Faso,BFA,2020,0.26156566
Burkina Faso,BFA,2021,0.28773117
Burkina Faso,BFA,2022,0.29064742
Burundi,BDI,2018,0.054395214
Burundi,BDI,2019,0.055907715
Burundi,BDI,2020,0.05860566
Burundi,BDI,2021,0.05951778
Burundi,BDI,2022,0.06587466
Cambodia,KHM,2018,0.8564005
Cambodia,KHM,2019,1.1301459
Cambodia,KHM,2020,1.2550187
Cambodia,KHM,2021,1.223931
Cambodia,KHM,2022,1.2129679
Cameroon,CMR,2018,0.3968279
Cameroon,CMR,2019,0.37658802
Cameroon,CMR,2020,0.3707004
Cameroon,CMR,2021,0.36162904
Cameroon,CMR,2022,0.3543776
Canada,CAN,2018,15.420052
Canada,CAN,2019,15.324565
Canada,CAN,2020,13.732821
Canada,CAN,2021,13.977163
Canada,CAN,2022,14.107159
Cape Verde,CPV,2018,1.1132917
Cape Verde,CPV,2019,1.225809
Cape Verde,CPV,2020,1.0108902
Cape Verde,CPV,2021,1.1417755
Cape Verde,CPV,2022,1.1498797
Central African Republic,CAF,2018,0.05557588
Central African Republic,CAF,2019,0.06298451
Central African Republic,CAF,2020,0.06633153
Central African Republic,CAF,2021,0.07167305
Central African Republic,CAF,2022,0.07402691
Chad,TCD,2018,0.14752606
Chad,TCD,2019,0.13783364
Chad,TCD,2020,0.13680632
Chad,TCD,2021,0.14977008
Chad,TCD,2022,0.15173951
Chile,CHL,2018,4.469476
Chile,CHL,2019,4.7910333
Chile,CHL,2020,4.1391664
Chile,CHL,2021,4.298362
Chile,CHL,2022,4.385191
China,CHN,2018,7.2915606
China,CHN,2019,7.5260706
China,CHN,2020,7.64075
China,CHN,2021,7.910899
China,CHN,2022,8.217776
Colombia,COL,2018,1.8523545
Colombia,COL,2019,1.9828873
Colombia,COL,2020,1.8231317
Colombia,COL,2021,2.0265136
Colombia,COL,2022,1.7286528
Comoros,COM,2018,0.37039024
Comoros,COM,2019,0.39594093
Comoros,COM,2020,0.4613275
Comoros,COM,2021,0.60904104
Comoros,COM,2022,0.63734925
Congo,COG,2018,1.193601
Congo,COG,2019,1.2985657
Congo,COG,2020,1.334534
Congo,COG,2021,1.2546886
Congo,COG,2022,1.446125
Cook Islands,COK,2018,4.6287675
Cook Islands,COK,2019,4.9908986
Cook Islands,COK,2020,4.2104187
Cook Islands,COK,2021,4.819467
Cook Islands,COK,2022,5.2176037
Costa Rica,CRI,2018,1.6069579
Costa Rica,CRI,2019,1.5322173
Costa Rica,CRI,2020,1.3416045
Costa Rica,CRI,2021,1.5149114
Costa Rica,CRI,2022,1.5762514
Cote d'Ivoire,CIV,2018,0.37922856
Cote d'Ivoire,CIV,2019,0.37380695
Cote d'Ivoire,CIV,2020,0.38106292
Cote d'Ivoire,CIV,2021,0.46106416
Cote d'Ivoire,CIV,2022,0.47719425
Croatia,HRV,2018,4.396296
Croatia,HRV,2019,4.470374
Croatia,HRV,2020,4.2666397
Croatia,HRV,2021,4.4343224
Croatia,HRV,2022,4.500902
Cuba,CUB,2018,2.050346
Cuba,CUB,2019,2.00725
Cuba,CUB,2020,1.9040953
Cuba,CUB,2021,2.0273802
Cuba,CUB,2022,2.1029758
Curacao,CUW,2018,23.80924
Curacao,CUW,2019,12.641481
Curacao,CUW,2020,10.851662
Curacao,CUW,2021,11.546135
Curacao,CUW,2022,11.920108
Cyprus,CYP,2018,5.763717
Cyprus,CYP,2019,5.692592
Cyprus,CYP,2020,5.300958
Cyprus,CYP,2021,5.2764926
Cyprus,CYP,2022,5.3108797
Czechia,CZE,2018,10.0789385
Czechia,CZE,2019,9.568804
Czechia,CZE,2020,8.688184
Czechia,CZE,2021,9.175987
Czechia,CZE,2022,8.904502
Democratic Republic of Congo,COD,2018,0.04191342
Democratic Republic of Congo,COD,2019,0.044305593
Democratic Republic of Congo,COD,2020,0.04484622
Democratic Republic of Congo,COD,2021,0.043290805
Democratic Republic of Congo,COD,2022,0.057544336
Denmark,DNK,2018,5.973422
Denmark,DNK,2019,5.3228407
Denmark,DNK,2020,4.8528743
Denmark,DNK,2021,5.0545783
Denmark,DNK,2022,4.9288173
Djibouti,DJI,2018,0.43989566
Djibouti,DJI,2019,0.49619916
Djibouti,DJI,2020,0.41898745
Djibouti,DJI,2021,0.49731505
Djibouti,DJI,2022,0.4840291
Dominica,DMA,2018,2.4177725
Dominica,DMA,2019,2.5361629
Dominica,DMA,2020,2.3310647
Dominica,DMA,2021,2.3982625
Dominica,DMA,2022,2.4663935
Dominican Republic,DOM,2018,2.337508
Dominican Republic,DOM,2019,2.6134562
Dominican Republic,DOM,2020,2.3825326
Dominican Republic,DOM,2021,2.6397047
Dominican Republic,DOM,2022,2.7802987
East Timor,TLS,2018,0.48357552
East Timor,TLS,2019,0.5191845
East Timor,TLS,2020,0.48724145
East Timor,TLS,2021,0.4593354
East Timor,TLS,2022,0.48899838
Ecuador,ECU,2018,2.2552624
Ecuador,ECU,2019,2.3115683
Ecuador,ECU,2020,1.8507442
Ecuador,ECU,2021,2.159484
Ecuador,ECU,2022,2.36007
Egypt,EGY,2018,2.2889705
Egypt,EGY,2019,2.1762276
Egypt,EGY,2020,2.2533324
Egypt,EGY,2021,2.4048865
Egypt,EGY,2022,2.2189891
El Salvador,SLV,2018,1.0373579
El Salvador,SLV,2019,1.2268993
El Salvador,SLV,2020,0.98398876
El Salvador,SLV,2021,1.1152391
El Salvador,SLV,2022,1.2599217
Equatorial Guinea,GNQ,2018,4.351806
Equatorial Guinea,GNQ,2019,3.3012357
Equatorial Guinea,GNQ,2020,3.7224493
Equatorial Guinea,GNQ,2021,4.029795
Equatorial Guinea,GNQ,2022,4.1567073
Eritrea,ERI,2018,0.19297862
Eritrea,ERI,2019,0.19893253
Eritrea,ERI,2020,0.19473019
Eritrea,ERI,2021,0.2034625
Eritrea,ERI,2022,0.2106724
Estonia,EST,2018,13.465254
Estonia,EST,2019,9.261298
Estonia,EST,2020,6.917664
Estonia,EST,2021,7.8024516
Estonia,EST,2022,8.863261
Eswatini,SWZ,2018,0.8682516
Eswatini,SWZ,2019,0.9316162
Eswatini,SWZ,2020,0.8294222
Eswatini,SWZ,2021,0.819892
Eswatini,SWZ,2022,0.8435616
Ethiopia,ETH,2018,0.14305523
Ethiopia,ETH,2019,0.1484148
Ethiopia,ETH,2020,0.14072774
Ethiopia,ETH,2021,0.1466006
Ethiopia,ETH,2022,0.13526215
Europe,,2018,7.4903345
Europe,,2019,7.245424
Europe,,2020,6.6967344
Europe,,2021,7.0246267
Europe,,2022,6.812951
Europe (excl. EU-27),,2018,8.46394
Europe (excl. EU-27),,2019,8.355522
Europe (excl. EU-27),,2020,7.924384
Europe (excl. EU-27),,2021,8.162552
Europe (excl. EU-27),,2022,7.893341
Europe (excl. EU-28),,2018,9.248195
Europe (excl. EU-28),,2019,9.186173
Europe (excl. EU-28),,2020,8.8059225
Europe (excl. EU-28),,2021,9.059175
Europe (excl. EU-28),,2022,8.8777485
European Union (27),,2018,6.8296947
European Union (27),,2019,6.493405
European Union (27),,2020,5.866867
European Union (27),,2021,6.257386
European Union (27),,2022,6.094108
European Union (28),,2018,6.681291
European Union (28),,2019,6.3553524
European Union (28),,2020,5.733151
European Union (28),,2021,6.100095
European Union (28),,2022,5.8923383
Faroe Islands,FRO,2018,14.207669
Faroe Islands,FRO,2019,14.269453
Faroe Islands,FRO,2020,14.415052
Faroe Islands,FRO,2021,14.704373
Faroe Islands,FRO,2022,13.377783
Fiji,FJI,2018,1.6139121
Fiji,FJI,2019,1.6498482
Fiji,FJI,2020,1.4975775
Fiji,FJI,2021,1.1871994
Fiji,FJI,2022,1.5103477
Finland,FIN,2018,8.291922
Finland,FIN,2019,7.686688
Finland,FIN,2020,6.82145
Finland,FIN,2021,6.825398
Finland,FIN,2022,6.5245185
France,FRA,2018,4.93138
France,FRA,2019,4.812466
France,FRA,2020,4.271517
France,FRA,2021,4.649748
France,FRA,2022,4.4555726
French Polynesia,PYF,2018,3.1425579
French Polynesia,PYF,2019,3.1907682
French Polynesia,PYF,2020,2.9787765
French Polynesia,PYF,2021,3.1034424
French Polynesia,PYF,2022,3.1623607
Gabon,GAB,2018,2.5147185
Gabon,GAB,2019,2.4726572
Gabon,GAB,2020,2.4266992
Gabon,GAB,2021,2.333091
Gabon,GAB,2022,2.3792052
Gambia,GMB,2018,0.27026132
Gambia,GMB,2019,0.2893204
Gambia,GMB,2020,0.27817774
Gambia,GMB,2021,0.2816257
Gambia,GMB,2022,0.3064694
Georgia,GEO,2018,2.6057036
Georgia,GEO,2019,2.770044
Georgia,GEO,2020,2.7341554
Georgia,GEO,2021,2.8375084
Georgia,GEO,2022,3.1622012
Germany,DEU,2018,9.101415
Germany,DEU,2019,8.480803
Germany,DEU,2020,7.738692
Germany,DEU,2021,8.100614
Germany,DEU,2022,7.942359
Ghana,GHA,2018,0.49578497
Ghana,GHA,2019,0.52513593
Ghana,GHA,2020,0.60098386
Ghana,GHA,2021,0.6321311
Ghana,GHA,2022,0.6258142
Greece,GRC,2018,6.6889496
Greece,GRC,2019,6.132932
Greece,GRC,2020,5.1944113
Greece,GRC,2021,5.4376464
Greece,GRC,2022,5.532692
Greenland,GRL,2018,9.335829
Greenland,GRL,2019,9.376927
Greenland,GRL,2020,9.794296
Greenland,GRL,2021,9.74501
Greenland,GRL,2022,10.483111
Grenada,GRD,2018,2.660052
Grenada,GRD,2019,2.8744688
Grenada,GRD,2020,2.4877398
Grenada,GRD,2021,2.6688147
Grenada,GRD,2022,2.928238
Guatemala,GTM,2018,1.088612
Guatemala,GTM,2019,1.1259985
Guatemala,GTM,2020,0.98845255
Guatemala,GTM,2021,1.1355486
Guatemala,GTM,2022,1.0596977
Guinea,GIN,2018,0.29675895
Guinea,GIN,2019,0.31487304
Guinea,GIN,2020,0.331328
Guinea,GIN,2021,0.29667225
Guinea,GIN,2022,0.2883205
Guinea-Bissau,GNB,2018,0.102933824
Guinea-Bissau,GNB,2019,0.13034482
Guinea-Bissau,GNB,2020,0.15469445
Guinea-Bissau,GNB,2021,0.1655067
Guinea-Bissau,GNB,2022,0.16357648
Guyana,GUY,2018,2.9300408
Guyana,GUY,2019,3.2751155
Guyana,GUY,2020,3.8394089
Guyana,GUY,2021,3.596365
Guyana,GUY,2022,5.351061
Haiti,HTI,2018,0.31023884
Haiti,HTI,2019,0.28084463
Haiti,HTI,2020,0.2904154
Haiti,HTI,2021,0.3083372
Haiti,HTI,2022,0.2495167
High-income countries,,2018,10.938764
High-income countries,,2019,10.68583
High-income countries,,2020,9.785993
High-income countries,,2021,10.259775
High-income countries,,2022,10.153266
Honduras,HND,2018,1.0113649
Honduras,HND,2019,1.1024681
Honduras,HND,2020,0.9858834
Honduras,HND,2021,1.0748178
Honduras,HND,2022,1.1221477
Hong Kong,HKG,2018,5.7015047
Hong Kong,HKG,2019,5.596796
Hong Kong,HKG,2020,4.4742217
Hong Kong,HKG,2021,4.4941583
Hong Kong,HKG,2022,4.120568
Hungary,HUN,2018,5.0505667
Hungary,HUN,2019,5.0314445
Hungary,HUN,2020,4.831583
Hungary,HUN,2021,4.9780636
Hungary,HUN,2022,4.674298
Iceland,ISL,2018,10.387562
Iceland,ISL,2019,9.849048
Iceland,ISL,2020,9.107118
Iceland,ISL,2021,9.367136
Iceland,ISL,2022,9.458432
India,IND,2018,1.8879061
India,IND,2019,1.8798543
India,IND,2020,1.7272933
India,IND,2021,1.8920738
India,IND,2022,1.9861692
Indonesia,IDN,2018,2.249951
Indonesia,IDN,2019,2.440643
Indonesia,IDN,2020,2.268087
Indonesia,IDN,2021,2.2870014
Indonesia,IDN,2022,2.7185707
Iran,IRN,2018,7.7164273
Iran,IRN,2019,8.354448
Iran,IRN,2020,8.49939
Iran,IRN,2021,8.812627
Iran,IRN,2022,8.569505
Iraq,IRQ,2018,4.62321
Iraq,IRQ,2019,4.655681
Iraq,IRQ,2020,4.086228
Iraq,IRQ,2021,4.483625
Iraq,IRQ,2022,4.9385333
Ireland,IRL,2018,7.9880743
Ireland,IRL,2019,7.540263
Ireland,IRL,2020,7.0349927
Ireland,IRL,2021,7.4523654
Ireland,IRL,2022,7.177214
Israel,ISR,2018,7.04882
Israel,ISR,2019,6.809169
Israel,ISR,2020,6.7366834
Israel,ISR,2021,6.5918126
Israel,ISR,2022,6.8401985
Italy,ITA,2018,5.790691
Italy,ITA,2019,5.6483817
Italy,ITA,2020,5.0506783
Italy,ITA,2021,5.6242104
Italy,ITA,2022,5.704794
Jamaica,JAM,2018,2.858282
Jamaica,JAM,2019,3.3434515
Jamaica,JAM,2020,2.4254513
Jamaica,JAM,2021,2.5769415
Jamaica,JAM,2022,2.7852037
Japan,JPN,2018,8.971074
Japan,JPN,2019,8.698248
Japan,JPN,2020,8.212569
Japan,JPN,2021,8.422242
Japan,JPN,2022,8.237319
Jordan,JOR,2018,2.429594
Jordan,JOR,2019,2.3022892
Jordan,JOR,2020,1.8979398
Jordan,JOR,2021,1.9148241
Jordan,JOR,2022,1.9924614
Kazakhstan,KAZ,2018,17.407537
Kazakhstan,KAZ,2019,15.411059
Kazakhstan,KAZ,2020,14.463993
Kazakhstan,KAZ,2021,12.404203
Kazakhstan,KAZ,2022,13.693581
Kenya,KEN,2018,0.3386544
Kenya,KEN,2019,0.35464606
Kenya,KEN,2020,0.3828149
Kenya,KEN,2021,0.38688725
Kenya,KEN,2022,0.37868083
Kiribati,KIR,2018,0.5701696
Kiribati,KIR,2019,0.5617455
Kiribati,KIR,2020,0.55202603
Kiribati,KIR,2021,0.5422356
Kiribati,KIR,2022,0.53352547
Kosovo,OWID_KOS,2018,4.5507927
Kosovo,OWID_KOS,2019,4.7781363
Kosovo,OWID_KOS,2020,4.825547
Kosovo,OWID_KOS,2021,5.0623536
Kosovo,OWID_KOS,2022,4.9881287
Kuwait,KWT,2018,23.697384
Kuwait,KWT,2019,23.559092
Kuwait,KWT,2020,20.477186
Kuwait,KWT,2021,20.149948
Kuwait,KWT,2022,25.242083
Kyrgyzstan,KGZ,2018,1.7621223
Kyrgyzstan,KGZ,2019,1.3930722
Kyrgyzstan,KGZ,2020,1.2527478
Kyrgyzstan,KGZ,2021,1.5157713
Kyrgyzstan,KGZ,2022,1.6551521
Laos,LAO,2018,2.873369
Laos,LAO,2019,2.5339587
Laos,LAO,2020,2.4900937
Laos,LAO,2021,2.929837
Laos,LAO,2022,2.9830346
Latvia,LVA,2018,4.0689178
Latvia,LVA,2019,3.9876633
Latvia,LVA,2020,3.681657
Latvia,LVA,2021,3.8281586
Latvia,LVA,2022,3.5129132
Lebanon,LBN,2018,4.313433
Lebanon,LBN,2019,4.3387065
Lebanon,LBN,2020,4.1550837
Lebanon,LBN,2021,3.405726
Lebanon,LBN,2022,2.6739883
Lesotho,LSO,2018,0.99167114
Lesotho,LSO,2019,0.9900399
Lesotho,LSO,2020,0.88825154
Lesotho,LSO,2021,1.3690085
Lesotho,LSO,2022,1.1160188
Liberia,LBR,2018,0.123087056
Liberia,LBR,2019,0.18471727
Liberia,LBR,2020,0.15084057
Liberia,LBR,2021,0.14879413
Liberia,LBR,2022,0.16075158
Libya,LBY,2018,9.146443
Libya,LBY,2019,10.6139965
Libya,LBY,2020,5.1254168
Libya,LBY,2021,7.8922286
Libya,LBY,2022,8.163843
Liechtenstein,LIE,2018,3.7364836
Liechtenstein,LIE,2019,3.8648832
Liechtenstein,LIE,2020,3.650272
Liechtenstein,LIE,2021,3.7272797
Liechtenstein,LIE,2022,3.2623925
Lithuania,LTU,2018,4.7866178
Lithuania,LTU,2019,4.8826694
Lithuania,LTU,2020,4.8285885
Lithuania,LTU,2021,4.9304504
Lithuania,LTU,2022,4.5777125
Low-income countries,,2018,0.31001645
Low-income countries,,2019,0.32463774
Low-income countries,,2020,0.30494767
Low-income countries,,2021,0.28585762
Low-income countries,,2022,0.28275815
Lower-middle-income countries,,2018,1.4543233
Lower-middle-income countries,,2019,1.4780236
Lower-middle-income countries,,2020,1.4058461
Lower-middle-income countries,,2021,1.496584
Lower-middle-income countries,,2022,1.5195979
Luxembourg,LUX,2018,15.714555
Luxembourg,LUX,2019,15.721521
Luxembourg,LUX,2020,12.795942
Luxembourg,LUX,2021,13.134188
Luxembourg,LUX,2022,11.134566
Macao,MAC,2018,1.8854574
Macao,MAC,2019,1.8074762
Macao,MAC,2020,1.5126553
Macao,MAC,2021,1.4826874
Macao,MAC,2022,1.4889758
Madagascar,MDG,2018,0.13109523
Madagascar,MDG,2019,0.14693762
Madagascar,MDG,2020,0.13083282
Madagascar,MDG,2021,0.14300844
Madagascar,MDG,2022,0.13830549
Malawi,MWI,2018,0.09121552
Malawi,MWI,2019,0.0891084
Malawi,MWI,2020,0.09563126
Malawi,MWI,2021,0.08392642
Malawi,MWI,2022,0.08757896
Malaysia,MYS,2018,7.9805346
Malaysia,MYS,2019,8.303469
Malaysia,MYS,2020,7.735682
Malaysia,MYS,2021,7.9729576
Malaysia,MYS,2022,8.124508
Maldives,MDV,2018,3.6709237
Maldives,MDV,2019,4.0866613
Maldives,MDV,2020,3.3420072
Maldives,MDV,2021,3.8687005
Maldives,MDV,2022,4.22769
Mali,MLI,2018,0.25429592
Mali,MLI,2019,0.26551783
Mali,MLI,2020,0.29152176
Mali,MLI,2021,0.33021975
Mali,MLI,2022,0.3042441
Malta,MLT,2018,3.194038
Malta,MLT,2019,3.272104
Malta,MLT,2020,3.089255
Malta,MLT,2021,3.072962
Malta,MLT,2022,3.3590784
Marshall Islands,MHL,2018,3.2348201
Marshall Islands,MHL,2019,3.3286395
Marshall Islands,MHL,2020,3.4300692
Marshall Islands,MHL,2021,3.5412085
Marshall Islands,MHL,2022,3.7019005
Mauritania,MRT,2018,1.0246092
Mauritania,MRT,2019,1.0325818
Mauritania,MRT,2020,1.0394301
Mauritania,MRT,2021,0.95032835
Mauritania,MRT,2022,1.0803561
Mauritius,MUS,2018,3.4569364
Mauritius,MUS,2019,3.5179577
Mauritius,MUS,2020,2.9609385
Mauritius,MUS,2021,3.1009886
Mauritius,MUS,2022,3.3826706
Mexico,MEX,2018,3.760188
Mexico,MEX,2019,3.7231612
Mexico,MEX,2020,3.382808
Mexico,MEX,2021,3.500541
Mexico,MEX,2022,3.5284045
Micronesia (country),FSM,2018,1.2999408
Micronesia (country),FSM,2019,1.2956035
Micronesia (country),FSM,2020,1.2881637
Micronesia (country),FSM,2021,1.2800287
Micronesia (country),FSM,2022,1.2907457
Moldova,MDA,2018,1.6967708
Moldova,MDA,2019,1.727951
Moldova,MDA,2020,1.6659853
Moldova,MDA,2021,1.9049147
Moldova,MDA,2022,1.7018101
Mongolia,MNG,2018,14.306628
Mongolia,MNG,2019,14.578362
Mongolia,MNG,2020,12.9080105
Mongolia,MNG,2021,10.771015
Mongolia,MNG,2022,11.944179
Montenegro,MNE,2018,3.903202
Montenegro,MNE,2019,4.0493402
Montenegro,MNE,2020,3.9536924
Montenegro,MNE,2021,3.9925413
Montenegro,MNE,2022,4.0595264
Montserrat,MSR,2018,6.379108
Montserrat,MSR,2019,5.619632
Montserrat,MSR,2020,4.8508387
Montserrat,MSR,2021,4.8799114
Montserrat,MSR,2022,5.7301164
Morocco,MAR,2018,1.7387096
Morocco,MAR,2019,1.8984194
Morocco,MAR,2020,1.764199
Morocco,MAR,2021,1.9016743
Morocco,MAR,2022,1.8693061
Mozambique,MOZ,2018,0.24157281
Mozambique,MOZ,2019,0.2374965
Mozambique,MOZ,2020,0.20596471
Mozambique,MOZ,2021,0.24353753
Mozambique,MOZ,2022,0.28465265
Myanmar,MMR,2018,0.65076286
Myanmar,MMR,2019,0.63861066
Myanmar,MMR,2020,0.65239656
Myanmar,MMR,2021,0.54853755
Myanmar,MMR,2022,0.58855194
Namibia,NAM,2018,1.4103903
Namibia,NAM,2019,1.4073112
Namibia,NAM,2020,1.2608001
Namibia,NAM,2021,1.2836621
Namibia,NAM,2022,1.181398
Nauru,NRU,2018,4.7795463
Nauru,NRU,2019,4.4186406
Nauru,NRU,2020,4.71153
Nauru,NRU,2021,4.6866207
Nauru,NRU,2022,4.9893417
Nepal,NPL,2018,0.49996966
Nepal,NPL,2019,0.44873866
Nepal,NPL,2020,0.539615
Nepal,NPL,2021,0.52540195
Nepal,NPL,2022,0.5925866
Netherlands,NLD,2018,9.084534
Netherlands,NLD,2019,8.708599
Netherlands,NLD,2020,7.7664127
Netherlands,NLD,2021,7.889522
Netherlands,NLD,2022,7.1213217
New Caledonia,NCL,2018,20.85342
New Caledonia,NCL,2019,20.001928
New Caledonia,NCL,2020,17.978209
New Caledonia,NCL,2021,15.905857
New Caledonia,NCL,2022,17.816309
New Zealand,NZL,2018,7.281771
New Zealand,NZL,2019,7.357706
New Zealand,NZL,2020,6.727745
New Zealand,NZL,2021,6.773412
New Zealand,NZL,2022,6.229061
Nicaragua,NIC,2018,0.8090502
Nicaragua,NIC,2019,0.8032668
Nicaragua,NIC,2020,0.7069047
Nicaragua,NIC,2021,0.772426
Nicaragua,NIC,2022,0.7623672
Niger,NER,2018,0.0812783
Niger,NER,2019,0.10952548
Niger,NER,2020,0.1281763
Niger,NER,2021,0.10563177
Niger,NER,2022,0.12645128
Nigeria,NGA,2018,0.52106166
Nigeria,NGA,2019,0.61034876
Nigeria,NGA,2020,0.58365196
Nigeria,NGA,2021,0.6762326
Nigeria,NGA,2022,0.58902264
Niue,NIU,2018,4.059834
Niue,NIU,2019,4.0396914
Niue,NIU,2020,4.021954
Niue,NIU,2021,3.9912853
Niue,NIU,2022,3.9739697
North America,,2018,11.245828
North America,,2019,10.953225
North America,,2020,9.761333
North America,,2021,10.352162
North America,,2022,10.390202
North America (excl. USA),,2018,4.8656673
North America (excl. USA),,2019,4.86509
North America (excl. USA),,2020,4.3538923
North America (excl. USA),,2021,4.509515
North America (excl. USA),,2022,4.5645666
North Korea,PRK,2018,2.4144042
North Korea,PRK,2019,2.6696818
North Korea,PRK,2020,2.5090284
North Korea,PRK,2021,2.0573611
North Korea,PRK,2022,2.13794
North Macedonia,MKD,2018,3.4660208
North Macedonia,MKD,2019,4.0179386
North Macedonia,MKD,2020,3.7285478
North Macedonia,MKD,2021,3.5212708
North Macedonia,MKD,2022,3.9952326
Norway,NOR,2018,8.37238
Norway,NOR,2019,8.015733
Norway,NOR,2020,7.672967
Norway,NOR,2021,7.591971
Norway,NOR,2022,7.4829626
Oceania,,2018,10.996687
Oceania,,2019,10.84414
Oceania,,2020,10.258111
Oceania,,2021,9.912678
Oceania,,2022,9.678767
Oman,OMN,2018,15.37186
Oman,OMN,2019,15.689613
Oman,OMN,2020,15.886151
Oman,OMN,2021,16.674276
Oman,OMN,2022,16.488375
Pakistan,PAK,2018,0.8967553
Pakistan,PAK,2019,0.8267986
Pakistan,PAK,2020,0.91705513
Pakistan,PAK,2021,1.0170143
Pakistan,PAK,2022,0.8697954
Palau,PLW,2018,11.910105
Palau,PLW,2019,12.130408
Palau,PLW,2020,11.721839
Palau,PLW,2021,11.932843
Palau,PLW,2022,12.215194
Palestine,PSE,2018,0.60958487
Palestine,PSE,2019,0.65848595
Palestine,PSE,2020,0.6562355
Palestine,PSE,2021,0.7009545
Palestine,PSE,2022,0.8862943
Panama,PAN,2018,2.1884246
Panama,PAN,2019,2.9397075
Panama,PAN,2020,1.5273576
Panama,PAN,2021,2.334559
Panama,PAN,2022,2.6602929
Papua New Guinea,PNG,2018,0.8085464
Papua New Guinea,PNG,2019,0.78912693
Papua New Guinea,PNG,2020,0.8059286
Papua New Guinea,PNG,2021,0.78629434
Papua New Guinea,PNG,2022,0.82680374
Paraguay,PRY,2018,1.3230258
Paraguay,PRY,2019,1.2691232
Paraguay,PRY,2020,1.1272037
Paraguay,PRY,2021,1.2248267
Paraguay,PRY,2022,1.1143297
Peru,PER,2018,1.7560439
Peru,PER,2019,1.8079982
Peru,PER,2020,1.4384526
Peru,PER,2021,1.8084831
Peru,PER,2022,1.9352938
Philippines,PHL,2018,1.2776358
Philippines,PHL,2019,1.2869601
Philippines,PHL,2020,1.1728759
Philippines,PHL,2021,1.2402151
Philippines,PHL,2022,1.3246514
Poland,POL,2018,8.779007
Poland,POL,2019,8.304427
Poland,POL,2020,7.914448
Poland,POL,2021,8.693247
Poland,POL,2022,8.20336
Portugal,PRT,2018,4.972253
Portugal,PRT,2019,4.6004105
Portugal,PRT,2020,4.024692
Portugal,PRT,2021,3.8783576
Portugal,PRT,2022,3.9092069
Qatar,QAT,2018,37.166264
Qatar,QAT,2019,36.251686
Qatar,QAT,2020,36.145443
Qatar,QAT,2021,37.082108
Qatar,QAT,2022,37.88961
Romania,ROU,2018,4.075668
Romania,ROU,2019,3.9325275
Romania,ROU,2020,3.81315
Romania,ROU,2021,4.026425
Romania,ROU,2022,3.8183794
Russia,RUS,2018,11.677306
Russia,RUS,2019,11.631905
Russia,RUS,2020,11.149055
Russia,RUS,2021,11.482229
Russia,RUS,2022,11.508876
Rwanda,RWA,2018,0.105146945
Rwanda,RWA,2019,0.11063562
Rwanda,RWA,2020,0.10671424
Rwanda,RWA,2021,0.12721947
Rwanda,RWA,2022,0.14337575
Saint Helena,SHN,2018,1.996005
Saint Helena,SHN,2019,2.6720145
Saint Helena,SHN,2020,2.0165107
Saint Helena,SHN,2021,1.3532779
Saint Helena,SHN,2022,2.0473087
Saint Kitts and Nevis,KNA,2018,5.2974997
Saint Kitts and Nevis,KNA,2019,5.5378065
Saint Kitts and Nevis,KNA,2020,5.156602
Saint Kitts and Nevis,KNA,2021,5.012098
Saint Kitts and Nevis,KNA,2022,5.3636484
Saint Lucia,LCA,2018,2.8768585
Saint Lucia,LCA,2019,2.8252034
Saint Lucia,LCA,2020,2.7336996
Saint Lucia,LCA,2021,2.8320374
Saint Lucia,LCA,2022,2.8977146
Saint Pierre and Miquelon,SPM,2018,9.88267
Saint Pierre and Miquelon,SPM,2019,11.1802
Saint Pierre and Miquelon,SPM,2020,10.643883
Saint Pierre and Miquelon,SPM,2021,9.472595
Saint Pierre and Miquelon,SPM,2022,9.267882
Saint Vincent and the Grenadines,VCT,2018,2.3044245
Saint Vincent and the Grenadines,VCT,2019,2.1101332
Saint Vincent and the Grenadines,VCT,2020,2.3001738
Saint Vincent and the Grenadines,VCT,2021,2.280025
Saint Vincent and the Grenadines,VCT,2022,2.417115
Samoa,WSM,2018,1.1295841
Samoa,WSM,2019,1.2399974
Samoa,WSM,2020,1.1063375
Samoa,WSM,2021,1.2510852
Samoa,WSM,2022,1.0961072
Sao Tome and Principe,STP,2018,0.662385
Sao Tome and Principe,STP,2019,0.6867693
Sao Tome and Principe,STP,2020,0.6571442
Sao Tome and Principe,STP,2021,0.64374816
Sao Tome and Principe,STP,2022,0.59902877
Saudi Arabia,SAU,2018,21.47873
Saudi Arabia,SAU,2019,23.244812
Saudi Arabia,SAU,2020,21.088715
Saudi Arabia,SAU,2021,22.196955
Saudi Arabia,SAU,2022,20.729954
Senegal,SEN,2018,0.71195424
Senegal,SEN,2019,0.77731997
Senegal,SEN,2020,0.6444607
Senegal,SEN,2021,0.7153539
Senegal,SEN,2022,0.8006707
Serbia,SRB,2018,6.335893
Serbia,SRB,2019,6.3800635
Serbia,SRB,2020,6.5659204
Serbia,SRB,2021,6.4203916
Serbia,SRB,2022,6.547047
Seychelles,SYC,2018,5.1909294
Seychelles,SYC,2019,5.0135474
Seychelles,SYC,2020,4.9645634
Seychelles,SYC,2021,4.974699
Seychelles,SYC,2022,5.0101247
Sierra Leone,SLE,2018,0.13725628
Sierra Leone,SLE,2019,0.14453192
Sierra Leone,SLE,2020,0.15003191
Sierra Leone,SLE,2021,0.18328422
Sierra Leone,SLE,2022,0.17441697
Singapore,SGP,2018,8.927358
Singapore,SGP,2019,8.642643
Singapore,SGP,2020,8.309385
Singapore,SGP,2021,9.033064
Singapore,SGP,2022,8.6610365
Sint Maarten (Dutch part),SXM,2018,17.243004
Sint Maarten (Dutch part),SXM,2019,17.046078
Sint Maarten (Dutch part),SXM,2020,15.896653
Sint Maarten (Dutch part),SXM,2021,16.385065
Sint Maarten (Dutch part),SXM,2022,16.42426
Slovakia,SVK,2018,6.647537
Slovakia,SVK,2019,6.2108803
Slovakia,SVK,2020,5.7151237
Slovakia,SVK,2021,6.47673
Slovakia,SVK,2022,5.771668
Slovenia,SVN,2018,7.03719
Slovenia,SVN,2019,6.7451043
Slovenia,SVN,2020,6.1229367
Slovenia,SVN,2021,6.186983
Slovenia,SVN,2022,6.017234
Solomon Islands,SLB,2018,0.4133638
Solomon Islands,SLB,2019,0.407583
Solomon Islands,SLB,2020,0.39371127
Solomon Islands,SLB,2021,0.37956762
Solomon Islands,SLB,2022,0.36244535
Somalia,SOM,2018,0.066866115
Somalia,SOM,2019,0.06673882
Somalia,SOM,2020,0.06843375
Somalia,SOM,2021,0.06682479
Somalia,SOM,2022,0.07141981
South Africa,ZAF,2018,7.7417293
South Africa,ZAF,2019,7.899718
South Africa,ZAF,2020,7.1875925
South Africa,ZAF,2021,7.14546
South Africa,ZAF,2022,6.8738866
South America,,2018,2.5753226
South America,,2019,2.5866785
South America,,2020,2.3102164
South America,,2021,2.5944958
South America,,2022,2.5570683
South Korea,KOR,2018,12.977481
South Korea,KOR,2019,12.480763
South Korea,KOR,2020,11.524331
South Korea,KOR,2021,11.882237
South Korea,KOR,2022,11.719733
South Sudan,SSD,2018,0.17156366
South Sudan,SSD,2019,0.16978289
South Sudan,SSD,2020,0.15959515
South Sudan,SSD,2021,0.16017249
South Sudan,SSD,2022,0.14827313
Spain,ESP,2018,5.701944
Spain,ESP,2019,5.284558
Spain,ESP,2020,4.441423
Spain,ESP,2021,4.793181
Spain,ESP,2022,4.8971643
Sri Lanka,LKA,2018,0.90489626
Sri Lanka,LKA,2019,0.9417696
Sri Lanka,LKA,2020,0.9047328
Sri Lanka,LKA,2021,0.9173014
Sri Lanka,LKA,2022,0.80477285
Sudan,SDN,2018,0.46384075
Sudan,SDN,2019,0.48315886
Sudan,SDN,2020,0.42317292
Sudan,SDN,2021,0.39961275
Sudan,SDN,2022,0.35494992
Suriname,SUR,2018,3.4912922
Suriname,SUR,2019,4.3453355
Suriname,SUR,2020,4.7717237
Suriname,SUR,2021,4.28382
Suriname,SUR,2022,4.537399
Sweden,SWE,2018,4.1134505
Sweden,SWE,2019,3.9665341
Sweden,SWE,2020,3.5371203
Sweden,SWE,2021,3.7027159
Sweden,SWE,2022,3.4653375
Switzerland,CHE,2018,4.3381386
Switzerland,CHE,2019,4.2928753
Switzerland,CHE,2020,3.974646
Switzerland,CHE,2021,4.1233916
Switzerland,CHE,2022,3.7477124
Syria,SYR,2018,1.6228212
Syria,SYR,2019,1.6454934
Syria,SYR,2020,1.5365934
Syria,SYR,2021,1.5030166
Syria,SYR,2022,1.3989446
Taiwan,TWN,2018,12.010115
Taiwan,TWN,2019,11.603549
Taiwan,TWN,2020,11.514132
Taiwan,TWN,2021,12.047583
Taiwan,TWN,2022,11.698872
Tajikistan,TJK,2018,0.8682259
Tajikistan,TJK,2019,0.91439617
Tajikistan,TJK,2020,0.9665616
Tajikistan,TJK,2021,0.9415492
Tajikistan,TJK,2022,1.0332633
Tanzania,TZA,2018,0.24780245
Tanzania,TZA,2019,0.27361012
Tanzania,TZA,2020,0.261632
Tanzania,TZA,2021,0.28135568
Tanzania,TZA,2022,0.30446345
Thailand,THA,2018,4.039237
Thailand,THA,2019,3.9411147
Thailand,THA,2020,3.7956123
Thailand,THA,2021,3.7244072
Thailand,THA,2022,3.7997093
Togo,TGO,2018,0.24626246
Togo,TGO,2019,0.27929592
Togo,TGO,2020,0.31734377
Togo,TGO,2021,0.2951192
Togo,TGO,2022,0.30129206
Tonga,TON,2018,1.2492092
Tonga,TON,2019,1.5253955
Tonga,TON,2020,1.3169758
Tonga,TON,2021,1.3196845
Tonga,TON,2022,1.3951054
Trinidad and Tobago,TTO,2018,27.410236
Trinidad and Tobago,TTO,2019,27.446016
Trinidad and Tobago,TTO,2020,23.661348
Trinidad and Tobago,TTO,2021,24.459532
Trinidad and Tobago,TTO,2022,25.063381
Tunisia,TUN,2018,2.6451635
Tunisia,TUN,2019,2.5750186
Tunisia,TUN,2020,2.408942
Tunisia,TUN,2021,2.6166234
Tunisia,TUN,2022,2.5401497
Turkey,TUR,2018,5.020594
Turkey,TUR,2019,4.7631073
Turkey,TUR,2020,4.8358684
Turkey,TUR,2021,5.2762375
Turkey,TUR,2022,5.095457
Turkmenistan,TKM,2018,9.210645
Turkmenistan,TKM,2019,9.149726
Turkmenistan,TKM,2020,9.051186
Turkmenistan,TKM,2021,12.929089
Turkmenistan,TKM,2022,14.11619
Turks and Caicos Islands,TCA,2018,8.635691
Turks and Caicos Islands,TCA,2019,8.3984165
Turks and Caicos Islands,TCA,2020,8.086297
Turks and Caicos Islands,TCA,2021,8.095091
Turks and Caicos Islands,TCA,2022,7.9697833
Tuvalu,TUV,2018,1.0201392
Tuvalu,TUV,2019,1.0366877
Tuvalu,TUV,2020,1.0545908
Tuvalu,TUV,2021,1.07617
Tuvalu,TUV,2022,1.0978825
Uganda,UGA,2018,0.1334906
Uganda,UGA,2019,0.13398339
Uganda,UGA,2020,0.12532032
Uganda,UGA,2021,0.13574822
Uganda,UGA,2022,0.12952651
Ukraine,UKR,2018,5.1295204
Ukraine,UKR,2019,4.942182
Ukraine,UKR,2020,4.635197
Ukraine,UKR,2021,4.7549105
Ukraine,UKR,2022,3.4846325
United Arab Emirates,ARE,2018,21.8367
United Arab Emirates,ARE,2019,21.75957
United Arab Emirates,ARE,2020,22.783035
United Arab Emirates,ARE,2021,21.67451
United Arab Emirates,ARE,2022,20.220825
United Kingdom,GBR,2018,5.6886244
United Kingdom,GBR,2019,5.4350777
United Kingdom,GBR,2020,4.84416
United Kingdom,GBR,2021,5.059431
United Kingdom,GBR,2022,4.563232
United States,USA,2018,16.000992
United States,USA,2019,15.500492
United States,USA,2020,13.8168955
United States,USA,2021,14.758024
United States,USA,2022,14.802047
Upper-middle-income countries,,2018,5.672543
Upper-middle-income countries,,2019,5.813963
Upper-middle-income countries,,2020,5.7354426
Upper-middle-income countries,,2021,5.953249
Upper-middle-income countries,,2022,6.1311784
Uruguay,URY,2018,1.9355792
Uruguay,URY,2019,1.886396
Uruguay,URY,2020,1.9055269
Uruguay,URY,2021,2.3049502
Uruguay,URY,2022,2.212046
Uzbekistan,UZB,2018,3.160928
Uzbekistan,UZB,2019,3.2746303
Uzbekistan,UZB,2020,3.2197232
Uzbekistan,UZB,2021,3.5966222
Uzbekistan,UZB,2022,3.4089596
Vanuatu,VUT,2018,0.6165042
Vanuatu,VUT,2019,0.5646672
Vanuatu,VUT,2020,0.6865395
Vanuatu,VUT,2021,0.70673007
Vanuatu,VUT,2022,0.6048438
Venezuela,VEN,2018,3.7319212
Venezuela,VEN,2019,3.6433108
Venezuela,VEN,2020,2.8442175
Venezuela,VEN,2021,3.3608282
Venezuela,VEN,2022,3.8430314
Vietnam,VNM,2018,2.654567
Vietnam,VNM,2019,3.4918098
Vietnam,VNM,2020,3.697001
Vietnam,VNM,2021,3.175785
Vietnam,VNM,2022,3.2368684
Wallis and Futuna,WLF,2018,2.1685972
Wallis and Futuna,WLF,2019,2.1900778
Wallis and Futuna,WLF,2020,2.518213
Wallis and Futuna,WLF,2021,2.5290768
Wallis and Futuna,WLF,2022,2.5486479
World,OWID_WRL,2018,4.752195
World,OWID_WRL,2019,4.7478137
World,OWID_WRL,2020,4.4577436
World,OWID_WRL,2021,4.634748
World,OWID_WRL,2022,4.6784525
Yemen,YEM,2018,0.33750373
Yemen,YEM,2019,0.33572507
Yemen,YEM,2020,0.2976907
Yemen,YEM,2021,0.285619
Yemen,YEM,2022,0.27218696
Zambia,ZMB,2018,0.48169613
Zambia,ZMB,2019,0.47782284
Zambia,ZMB,2020,0.52418166
Zambia,ZMB,2021,0.47694507
Zambia,ZMB,2022,0.5427949
Zimbabwe,ZWE,2018,0.7455699
Zimbabwe,ZWE,2019,0.6722901
Zimbabwe,ZWE,2020,0.54684746
Zimbabwe,ZWE,2021,0.6471251
Zimbabwe,ZWE,2022,0.7612047
