Entity,Code,Year,GDP per capita,900793-annotations
Afghanistan,AFG,2018,1888.814,
Afghanistan,AFG,2019,2031.7373,
Afghanistan,AFG,2020,1928.4547,
Afghanistan,AFG,2021,1485.547,
Afghanistan,AFG,2022,1357.9878,
Albania,ALB,2018,11426.92,
Albania,ALB,2019,11715.307,
Albania,ALB,2020,11372.541,
Albania,ALB,2021,12455.917,
Albania,ALB,2022,12978.101,
Algeria,DZA,2018,14083.772,
Algeria,DZA,2019,14000.279,
Algeria,DZA,2020,13086.293,
Algeria,DZA,2021,13337.262,
Algeria,DZA,2022,13506.444,
Angola,AGO,2018,7180.3555,
Angola,AGO,2019,6886.954,
Angola,AGO,2020,6279.929,
Angola,AGO,2021,6137.004,
Angola,AGO,2022,6118.905,
Argentina,ARG,2018,18460.87,
Argentina,ARG,2019,17912.637,
Argentina,ARG,2020,15975.839,
Argentina,ARG,2021,17470.682,
Argentina,ARG,2022,18292.318,
Armenia,ARM,2018,11490.369,
Armenia,ARM,2019,12399.231,
Armenia,ARM,2020,11546.176,
Armenia,ARM,2021,12242.478,
Armenia,ARM,2022,13837.577,
Australia,AUS,2018,49614.387,
Australia,AUS,2019,49814.67,
Australia,AUS,2020,48268.945,
Australia,AUS,2021,50704.934,
Australia,AUS,2022,52049.43,
Austria,AUT,2018,43032.215,
Austria,AUT,2019,43488.668,
Austria,AUT,2020,40503.04,
Austria,AUT,2021,42184.695,
Austria,AUT,2022,43792.855,
Azerbaijan,AZE,2018,16753.209,
Azerbaijan,AZE,2019,17029.906,
Azerbaijan,AZE,2020,16189.511,
Azerbaijan,AZE,2021,16971.725,
Azerbaijan,AZE,2022,17682.94,
Bahrain,BHR,2018,39501.176,
Bahrain,BHR,2019,39499.707,
Bahrain,BHR,2020,36890.504,
Bahrain,BHR,2021,37323.105,
Bahrain,BHR,2022,38651.6,
Bangladesh,BGD,2018,4056.6465,
Bangladesh,BGD,2019,4242.7515,
Bangladesh,BGD,2020,4418.9644,
Bangladesh,BGD,2021,4684.003,
Bangladesh,BGD,2022,4925.721,
Barbados,BRB,2018,12029.747,
Barbados,BRB,2019,12040.277,
Barbados,BRB,2020,10487.387,
Barbados,BRB,2021,10386.526,
Barbados,BRB,2022,11545.848,
Belarus,BLR,2018,18809.494,
Belarus,BLR,2019,19130.395,
Belarus,BLR,2020,19053.156,
Belarus,BLR,2021,19541.914,
Belarus,BLR,2022,18699.799,
Belgium,BEL,2018,40471.914,
Belgium,BEL,2019,41155.527,
Belgium,BEL,2020,38763.44,
Belgium,BEL,2021,40970.805,
Belgium,BEL,2022,41872.395,
Benin,BEN,2018,2192.261,
Benin,BEN,2019,2276.1038,
Benin,BEN,2020,2297.7698,
Benin,BEN,2021,2395.1663,
Benin,BEN,2022,2477.0903,
Bolivia,BOL,2018,6679.4385,
Bolivia,BOL,2019,6730.809,
Bolivia,BOL,2020,6062.065,
Bolivia,BOL,2021,6355.615,
Bolivia,BOL,2022,6481.3906,
Bosnia and Herzegovina,BIH,2018,10718.778,
Bosnia and Herzegovina,BIH,2019,11048.235,
Bosnia and Herzegovina,BIH,2020,10736.168,
Bosnia and Herzegovina,BIH,2021,11553.761,
Bosnia and Herzegovina,BIH,2022,12142.863,
Botswana,BWA,2018,15515.622,
Botswana,BWA,2019,15747.324,
Botswana,BWA,2020,14162.686,
Botswana,BWA,2021,15612.078,
Botswana,BWA,2022,16351.91,
Brazil,BRA,2018,14197.55,
Brazil,BRA,2019,14257.871,
Brazil,BRA,2020,13685.926,
Brazil,BRA,2021,14292.936,
Brazil,BRA,2022,14640.076,
Bulgaria,BGR,2018,17982.424,
Bulgaria,BGR,2019,18840.764,
Bulgaria,BGR,2020,18203.832,
Bulgaria,BGR,2021,19753.994,
Bulgaria,BGR,2022,20592.455,
Burkina Faso,BFA,2018,1605.3588,
Burkina Faso,BFA,2019,1651.1173,
Burkina Faso,BFA,2020,1638.8279,
Burkina Faso,BFA,2021,1706.9633,
Burkina Faso,BFA,2022,1704.966,
Burundi,BDI,2018,730.9046,
Burundi,BDI,2019,738.9831,
Burundi,BDI,2020,720.446,
Burundi,BDI,2021,723.1921,
Burundi,BDI,2022,717.22845,
Cambodia,KHM,2018,3692.43,
Cambodia,KHM,2019,3896.7979,
Cambodia,KHM,2020,3728.1985,
Cambodia,KHM,2021,3796.4844,
Cambodia,KHM,2022,3944.2468,
Cameroon,CMR,2018,2815.3162,
Cameroon,CMR,2019,2832.0767,
Cameroon,CMR,2020,2769.2869,
Cameroon,CMR,2021,2791.79,
Cameroon,CMR,2022,2812.2148,
Canada,CAN,2018,45087.887,
Canada,CAN,2019,45284.215,
Canada,CAN,2020,42493.63,
Canada,CAN,2021,44379.594,
Canada,CAN,2022,45529.645,
Cape Verde,CPV,2018,6848.757,
Cape Verde,CPV,2019,7297.2793,
Cape Verde,CPV,2020,5831.9985,
Cape Verde,CPV,2021,6173.23,
Cape Verde,CPV,2022,7202.767,
Central African Republic,CAF,2018,619.18744,
Central African Republic,CAF,2019,623.5598,
Central African Republic,CAF,2020,613.78937,
Central African Republic,CAF,2021,606.85913,
Central African Republic,CAF,2022,596.393,
Chad,TCD,2018,1541.4716,
Chad,TCD,2019,1543.8029,
Chad,TCD,2020,1463.5312,
Chad,TCD,2021,1402.6732,
Chad,TCD,2022,1393.5635,
Chile,CHL,2018,22175.664,
Chile,CHL,2019,21924.408,
Chile,CHL,2020,20205.87,
Chile,CHL,2021,22324.96,
Chile,CHL,2022,22740.72,
China,CHN,2018,15977.008,
China,CHN,2019,16879.54,
China,CHN,2020,17225.969,
China,CHN,2021,18666.605,
China,CHN,2022,19238.18,
Colombia,COL,2018,13485.702,
Colombia,COL,2019,13603.993,
Colombia,COL,2020,12377.135,
Colombia,COL,2021,13553.399,
Colombia,COL,2022,14468.964,
Comoros,COM,2018,1801.6912,
Comoros,COM,2019,1832.4357,
Comoros,COM,2020,1869.9441,
Comoros,COM,2021,1886.0608,
Comoros,COM,2022,1900.3983,
Congo,COG,2018,4637.726,
Congo,COG,2019,4583.337,
Congo,COG,2020,4203.1104,
Congo,COG,2021,4168.0244,
Congo,COG,2022,4187.507,
Costa Rica,CRI,2018,14583.144,
Costa Rica,CRI,2019,14775.292,
Costa Rica,CRI,2020,13996.39,
Costa Rica,CRI,2021,14931.956,
Costa Rica,CRI,2022,15496.82,
Cote d'Ivoire,CIV,2018,3497.8928,
Cote d'Ivoire,CIV,2019,3703.0876,
Cote d'Ivoire,CIV,2020,3682.1353,
Cote d'Ivoire,CIV,2021,3853.1626,
Cote d'Ivoire,CIV,2022,4011.7122,
Croatia,HRV,2018,22678.035,
Croatia,HRV,2019,23590.277,
Croatia,HRV,2020,21672.479,
Croatia,HRV,2021,25059.947,
Croatia,HRV,2022,26986.752,
Cuba,CUB,2018,8262.988,
Cuba,CUB,2019,8257.785,
Cuba,CUB,2020,7364.1055,
Cuba,CUB,2021,7485.821,
Cuba,CUB,2022,7648.704,
Cyprus,CYP,2018,29089.975,
Cyprus,CYP,2019,30284.795,
Cyprus,CYP,2020,28634.457,
Cyprus,CYP,2021,30252.326,
Cyprus,CYP,2022,31523.498,
Czechia,CZE,2018,31405.09,
Czechia,CZE,2019,32226.553,
Czechia,CZE,2020,30365.37,
Czechia,CZE,2021,31452.557,
Czechia,CZE,2022,32247.395,
Czechoslovakia,OWID_CZS,2018,29842.957,
Czechoslovakia,OWID_CZS,2019,30607.314,
Czechoslovakia,OWID_CZS,2020,29043.441,
Czechoslovakia,OWID_CZS,2021,30071.377,
Czechoslovakia,OWID_CZS,2022,30640.914,
Democratic Republic of Congo,COD,2018,796.89246,
Democratic Republic of Congo,COD,2019,806.479,
Democratic Republic of Congo,COD,2020,794.2714,
Democratic Republic of Congo,COD,2021,817.43225,
Democratic Republic of Congo,COD,2022,844.172,
Denmark,DNK,2018,47717.457,
Denmark,DNK,2019,48238.656,
Denmark,DNK,2020,47171.086,
Denmark,DNK,2021,49258.75,
Denmark,DNK,2022,50689.68,
Djibouti,DJI,2018,3308.117,
Djibouti,DJI,2019,3436.9502,
Djibouti,DJI,2020,3426.696,
Djibouti,DJI,2021,3541.5713,
Djibouti,DJI,2022,3623.0603,
Dominica,DMA,2018,9153.232,
Dominica,DMA,2019,9575.093,
Dominica,DMA,2020,7974.3066,
Dominica,DMA,2021,8419.473,
Dominica,DMA,2022,8879.6455,
Dominican Republic,DOM,2018,15944.744,
Dominican Republic,DOM,2019,16587.236,
Dominican Republic,DOM,2020,15325.654,
Dominican Republic,DOM,2021,17046.646,
Dominican Republic,DOM,2022,17713.52,
East Asia (Maddison),,2018,18785.072,
East Asia (Maddison),,2019,19580.744,
East Asia (Maddison),,2020,19749.514,
East Asia (Maddison),,2021,21157.305,
East Asia (Maddison),,2022,21728.52,
Eastern Europe (Maddison),,2018,19560.426,
Eastern Europe (Maddison),,2019,20051.041,
Eastern Europe (Maddison),,2020,19578.574,
Eastern Europe (Maddison),,2021,20696.99,
Eastern Europe (Maddison),,2022,20656.266,
Ecuador,ECU,2018,10716.904,
Ecuador,ECU,2019,10586.937,
Ecuador,ECU,2020,9646.065,
Ecuador,ECU,2021,9937.696,
Ecuador,ECU,2022,10124.076,
Egypt,EGY,2018,11895.312,
Egypt,EGY,2019,12300.201,
Egypt,EGY,2020,12234.504,
Egypt,EGY,2021,12868.262,
Egypt,EGY,2022,13205.406,
El Salvador,SLV,2018,8644.79,
El Salvador,SLV,2019,8849.834,
El Salvador,SLV,2020,8137.9746,
El Salvador,SLV,2021,9017.392,
El Salvador,SLV,2022,9218.905,
Equatorial Guinea,GNQ,2018,27353.846,
Equatorial Guinea,GNQ,2019,25006.34,
Equatorial Guinea,GNQ,2020,23300.297,
Equatorial Guinea,GNQ,2021,22537.541,
Equatorial Guinea,GNQ,2022,22707.22,
Estonia,EST,2018,27596.41,
Estonia,EST,2019,28505.604,
Estonia,EST,2020,28261.582,
Estonia,EST,2021,30499.156,
Estonia,EST,2022,30067.395,
Eswatini,SWZ,2018,8219.499,
Eswatini,SWZ,2019,8375.426,
Eswatini,SWZ,2020,8167.6895,
Eswatini,SWZ,2021,8725.725,
Eswatini,SWZ,2022,8522.45,
Ethiopia,ETH,2018,1936.8275,
Ethiopia,ETH,2019,2030.6775,
Ethiopia,ETH,2020,2121.8591,
Ethiopia,ETH,2021,2190.6753,
Ethiopia,ETH,2022,2289.409,
Finland,FIN,2018,39430.906,
Finland,FIN,2019,39874.8,
Finland,FIN,2020,38871.703,
Finland,FIN,2021,39977.855,
Finland,FIN,2022,40701.465,
France,FRA,2018,38555.465,
France,FRA,2019,39084.656,
France,FRA,2020,35913.82,
France,FRA,2021,38242.133,
France,FRA,2022,39065.71,
Gabon,GAB,2018,16253.897,
Gabon,GAB,2019,16449.715,
Gabon,GAB,2020,15745.749,
Gabon,GAB,2021,15597.771,
Gabon,GAB,2022,15720.901,
Gambia,GMB,2018,1886.0532,
Gambia,GMB,2019,1952.326,
Gambia,GMB,2020,1914.1969,
Gambia,GMB,2021,1964.4937,
Gambia,GMB,2022,2010.5322,
Georgia,GEO,2018,12035.715,
Georgia,GEO,2019,12631.664,
Georgia,GEO,2020,11770.782,
Georgia,GEO,2021,12994.772,
Georgia,GEO,2022,14360.359,
Germany,DEU,2018,46377.39,
Germany,DEU,2019,46761.945,
Germany,DEU,2020,44996.43,
Germany,DEU,2021,46159.05,
Germany,DEU,2022,46647.793,
Ghana,GHA,2018,3983.1216,
Ghana,GHA,2019,4143.3774,
Ghana,GHA,2020,4069.252,
Ghana,GHA,2021,4190.578,
Ghana,GHA,2022,4242.4106,
Greece,GRC,2018,23403.611,
Greece,GRC,2019,23869.793,
Greece,GRC,2020,21767.22,
Greece,GRC,2021,23732.201,
Greece,GRC,2022,25283.906,
Guatemala,GTM,2018,7399.198,
Guatemala,GTM,2019,7565.846,
Guatemala,GTM,2020,7309.368,
Guatemala,GTM,2021,7764.6963,
Guatemala,GTM,2022,7969.431,
Guinea,GIN,2018,1642.1047,
Guinea,GIN,2019,1690.8837,
Guinea,GIN,2020,1726.5083,
Guinea,GIN,2021,1769.8623,
Guinea,GIN,2022,1809.2666,
Guinea-Bissau,GNB,2018,1511.8668,
Guinea-Bissau,GNB,2019,1543.4176,
Guinea-Bissau,GNB,2020,1531.3096,
Guinea-Bissau,GNB,2021,1593.8186,
Guinea-Bissau,GNB,2022,1625.3876,
Haiti,HTI,2018,1773.1095,
Haiti,HTI,2019,1719.4462,
Haiti,HTI,2020,1641.7617,
Haiti,HTI,2021,1591.76,
Haiti,HTI,2022,1546.4222,
Honduras,HND,2018,5052.2056,
Honduras,HND,2019,5099.8145,
Honduras,HND,2020,4567.8857,
Honduras,HND,2021,5062.1187,
Honduras,HND,2022,5186.5303,
Hong Kong,HKG,2018,50847.723,
Hong Kong,HKG,2019,49631.062,
Hong Kong,HKG,2020,46550.258,
Hong Kong,HKG,2021,50006.348,
Hong Kong,HKG,2022,48289.383,
Hungary,HUN,2018,25995.51,
Hungary,HUN,2019,27272.312,
Hungary,HUN,2020,26091.4,
Hungary,HUN,2021,28085.963,
Hungary,HUN,2022,29451.855,
Iceland,ISL,2018,43321.062,
Iceland,ISL,2019,43136.605,
Iceland,ISL,2020,39368.4,
Iceland,ISL,2021,40412.617,
Iceland,ISL,2022,42145.594,
India,IND,2018,7046.4365,
India,IND,2019,7293.9897,
India,IND,2020,6730.547,
India,IND,2021,7315.1216,
India,IND,2022,7765.593,
Indonesia,IDN,2018,11768.468,
Indonesia,IDN,2019,12250.278,
Indonesia,IDN,2020,11895.075,
Indonesia,IDN,2021,12233.969,
Indonesia,IDN,2022,12801.671,
Iran,IRN,2018,18154.533,
Iran,IRN,2019,17400.414,
Iran,IRN,2020,17296.264,
Iran,IRN,2021,18052.37,
Iran,IRN,2022,18473.066,
Iraq,IRQ,2018,13724.742,
Iraq,IRQ,2019,14203.617,
Iraq,IRQ,2020,11717.375,
Iraq,IRQ,2021,12355.587,
Iraq,IRQ,2022,13071.94,
Ireland,IRL,2018,58083.45,
Ireland,IRL,2019,59733.91,
Ireland,IRL,2020,55134.855,
Ireland,IRL,2021,57278.42,
Ireland,IRL,2022,60257.082,
Israel,ISR,2018,33227.125,
Israel,ISR,2019,33951.89,
Israel,ISR,2020,32730.943,
Israel,ISR,2021,34969.016,
Israel,ISR,2022,36648.918,
Italy,ITA,2018,35149.824,
Italy,ITA,2019,35407.242,
Italy,ITA,2020,32385.326,
Italy,ITA,2021,34827.137,
Italy,ITA,2022,36224.293,
Jamaica,JAM,2018,7569.063,
Jamaica,JAM,2019,7641.0815,
Jamaica,JAM,2020,6880.4883,
Jamaica,JAM,2021,7193.1064,
Jamaica,JAM,2022,7481.6685,
Japan,JPN,2018,38403.68,
Japan,JPN,2019,38332.934,
Japan,JPN,2020,36826.64,
Japan,JPN,2021,37678.277,
Japan,JPN,2022,38268.79,
Jordan,JOR,2018,9174.501,
Jordan,JOR,2019,9166.066,
Jordan,JOR,2020,8896.383,
Jordan,JOR,2021,9019.895,
Jordan,JOR,2022,9151.479,
Kazakhstan,KAZ,2018,25142.707,
Kazakhstan,KAZ,2019,26026.064,
Kazakhstan,KAZ,2020,25124.486,
Kazakhstan,KAZ,2021,25936.383,
Kazakhstan,KAZ,2022,26491.857,
Kenya,KEN,2018,3120.4314,
Kenya,KEN,2019,3207.2622,
Kenya,KEN,2020,3129.5852,
Kenya,KEN,2021,3292.7585,
Kenya,KEN,2022,3403.9238,
Kuwait,KWT,2018,75163.984,
Kuwait,KWT,2019,73748.44,
Kuwait,KWT,2020,66365.99,
Kuwait,KWT,2021,66418.2,
Kuwait,KWT,2022,71533.516,
Kyrgyzstan,KGZ,2018,5226.4805,
Kyrgyzstan,KGZ,2019,5412.708,
Kyrgyzstan,KGZ,2020,4899.061,
Kyrgyzstan,KGZ,2021,5035.9272,
Kyrgyzstan,KGZ,2022,5304.841,
Laos,LAO,2018,6454.778,
Laos,LAO,2019,6706.0063,
Laos,LAO,2020,6824.144,
Laos,LAO,2021,6961.1216,
Laos,LAO,2022,7168.1904,
Latin America (Maddison),,2018,14103.097,
Latin America (Maddison),,2019,13957.887,
Latin America (Maddison),,2020,12865.496,
Latin America (Maddison),,2021,13610.789,
Latin America (Maddison),,2022,14028.038,
Latvia,LVA,2018,25039.865,
Latvia,LVA,2019,25858.602,
Latvia,LVA,2020,25453.064,
Latvia,LVA,2021,26738.615,
Latvia,LVA,2022,27220.303,
Lebanon,LBN,2018,13236.691,
Lebanon,LBN,2019,12854.797,
Lebanon,LBN,2020,10182.637,
Lebanon,LBN,2021,10573.861,
Lebanon,LBN,2022,10341.159,
Lesotho,LSO,2018,2582.512,
Lesotho,LSO,2019,2514.2244,
Lesotho,LSO,2020,2297.383,
Lesotho,LSO,2021,2311.8909,
Lesotho,LSO,2022,2312.9583,
Liberia,LBR,2018,842.37573,
Liberia,LBR,2019,807.3494,
Liberia,LBR,2020,768.40546,
Liberia,LBR,2021,790.2841,
Liberia,LBR,2022,811.2146,
Libya,LBY,2018,19504.555,
Libya,LBY,2019,16971.502,
Libya,LBY,2020,11741.864,
Libya,LBY,2021,14797.098,
Libya,LBY,2022,12755.204,
Lithuania,LTU,2018,27631.46,
Lithuania,LTU,2019,28986.053,
Lithuania,LTU,2020,28971.844,
Lithuania,LTU,2021,30557.03,
Lithuania,LTU,2022,30863.32,
Luxembourg,LUX,2018,54625.96,
Luxembourg,LUX,2019,54751.6,
Luxembourg,LUX,2020,53489.332,
Luxembourg,LUX,2021,55346.676,
Luxembourg,LUX,2022,55484.777,
Madagascar,MDG,2018,1407.4424,
Madagascar,MDG,2019,1434.2703,
Madagascar,MDG,2020,1300.5428,
Madagascar,MDG,2021,1343.4438,
Madagascar,MDG,2022,1367.0938,
Malawi,MWI,2018,1172.6713,
Malawi,MWI,2019,1205.477,
Malawi,MWI,2020,1186.6827,
Malawi,MWI,2021,1211.2092,
Malawi,MWI,2022,1190.0509,
Malaysia,MYS,2018,25175.799,
Malaysia,MYS,2019,25986.412,
Malaysia,MYS,2020,24279.316,
Malaysia,MYS,2021,24764.65,
Malaysia,MYS,2022,26628.707,
Mali,MLI,2018,1673.8774,
Mali,MLI,2019,1706.0105,
Mali,MLI,2020,1638.9304,
Mali,MLI,2021,1643.0144,
Mali,MLI,2022,1651.9413,
Malta,MLT,2018,32292.822,
Malta,MLT,2019,33220.285,
Malta,MLT,2020,29703.762,
Malta,MLT,2021,33031.184,
Malta,MLT,2022,34496.34,
Mauritania,MRT,2018,3567.1013,
Mauritania,MRT,2019,3659.103,
Mauritania,MRT,2020,3532.2979,
Mauritania,MRT,2021,3527.4277,
Mauritania,MRT,2022,3680.3662,
Mauritius,MUS,2018,21040.639,
Mauritius,MUS,2019,21624.842,
Mauritius,MUS,2020,18445.975,
Mauritius,MUS,2021,19069.049,
Mauritius,MUS,2022,20643.094,
Mexico,MEX,2018,17055.117,
Mexico,MEX,2019,16802.014,
Mexico,MEX,2020,15253.691,
Mexico,MEX,2021,15853.376,
Mexico,MEX,2022,16235.455,
Middle East and North Africa (Maddison),,2018,19221.93,
Middle East and North Africa (Maddison),,2019,19088.29,
Middle East and North Africa (Maddison),,2020,18227.408,
Middle East and North Africa (Maddison),,2021,19162.693,
Middle East and North Africa (Maddison),,2022,19874.799,
Moldova,MDA,2018,6760.1113,
Moldova,MDA,2019,7078.23,
Moldova,MDA,2020,6560.7476,
Moldova,MDA,2021,7557.3857,
Moldova,MDA,2022,6674.871,
Mongolia,MNG,2018,13419.578,
Mongolia,MNG,2019,13871.33,
Mongolia,MNG,2020,12990.328,
Mongolia,MNG,2021,12992.167,
Mongolia,MNG,2022,13442.906,
Montenegro,MNE,2018,19617.215,
Montenegro,MNE,2019,20448.549,
Montenegro,MNE,2020,17355.623,
Montenegro,MNE,2021,19656.557,
Montenegro,MNE,2022,20941.805,
Morocco,MAR,2018,8385.949,
Morocco,MAR,2019,8540.804,
Morocco,MAR,2020,7849.208,
Morocco,MAR,2021,8391.295,
Morocco,MAR,2022,8400.127,
Mozambique,MOZ,2018,1122.5856,
Mozambique,MOZ,2019,1118.6304,
Mozambique,MOZ,2020,1076.6941,
Mozambique,MOZ,2021,1073.57,
Mozambique,MOZ,2022,1087.836,
Myanmar,MMR,2018,5803.431,
Myanmar,MMR,2019,6140.885,
Myanmar,MMR,2020,6282.8115,
Myanmar,MMR,2021,5113.337,
Myanmar,MMR,2022,5177.4326,
Namibia,NAM,2018,8805.334,
Namibia,NAM,2019,8567.793,
Namibia,NAM,2020,7734.6055,
Namibia,NAM,2021,7796.0615,
Namibia,NAM,2022,7979.328,
Nepal,NPL,2018,2800.8596,
Nepal,NPL,2019,2953.5603,
Nepal,NPL,2020,2832.8608,
Nepal,NPL,2021,2902.0503,
Nepal,NPL,2022,3013.5178,
Netherlands,NLD,2018,47528.902,
Netherlands,NLD,2019,48142.67,
Netherlands,NLD,2020,46014.484,
Netherlands,NLD,2021,48001.84,
Netherlands,NLD,2022,49669.867,
New Zealand,NZL,2018,36420.047,
New Zealand,NZL,2019,36912.074,
New Zealand,NZL,2020,35853.69,
New Zealand,NZL,2021,37837.457,
New Zealand,NZL,2022,38250.12,
Nicaragua,NIC,2018,4930.4297,
Nicaragua,NIC,2019,4721.7275,
Nicaragua,NIC,2020,4575.1865,
Nicaragua,NIC,2021,4978.8413,
Nicaragua,NIC,2022,5092.8413,
Niger,NER,2018,942.5486,
Niger,NER,2019,964.32434,
Niger,NER,2020,962.7823,
Niger,NER,2021,941.2575,
Niger,NER,2022,1007.72095,
Nigeria,NGA,2018,5215.3755,
Nigeria,NGA,2019,5197.0825,
Nigeria,NGA,2020,4976.3223,
Nigeria,NGA,2021,5029.0884,
Nigeria,NGA,2022,5070.4927,
North Korea,PRK,2018,1668.5446,
North Korea,PRK,2019,1666.8143,
North Korea,PRK,2020,1584.3771,
North Korea,PRK,2021,1577.1321,
North Korea,PRK,2022,1568.847,
North Macedonia,MKD,2018,13238.034,
North Macedonia,MKD,2019,13751.228,
North Macedonia,MKD,2020,13125.83,
North Macedonia,MKD,2021,13692.046,
North Macedonia,MKD,2022,14050.995,
Norway,NOR,2018,84739.92,
Norway,NOR,2019,85115.32,
Norway,NOR,2020,83543.1,
Norway,NOR,2021,86334.59,
Norway,NOR,2022,88366.22,
Oman,OMN,2018,50135.402,
Oman,OMN,2019,48596.527,
Oman,OMN,2020,46133.21,
Oman,OMN,2021,46573.574,
Oman,OMN,2022,47988.65,
Pakistan,PAK,2018,5299.071,
Pakistan,PAK,2019,5219.534,
Pakistan,PAK,2020,5242.6953,
Pakistan,PAK,2021,5463.7744,
Pakistan,PAK,2022,5531.723,
Palestine,PSE,2018,5218.1562,
Palestine,PSE,2019,5176.9795,
Palestine,PSE,2020,4490.755,
Palestine,PSE,2021,4698.9326,
Palestine,PSE,2022,4775.202,
Panama,PAN,2018,22843.75,
Panama,PAN,2019,23218.432,
Panama,PAN,2020,18840.738,
Panama,PAN,2021,21539.07,
Panama,PAN,2022,23557.02,
Paraguay,PRY,2018,8915.669,
Paraguay,PRY,2019,8776.076,
Paraguay,PRY,2020,8603.079,
Paraguay,PRY,2021,8845.659,
Paraguay,PRY,2022,8762.771,
Peru,PER,2018,12677.875,
Peru,PER,2019,12680.354,
Peru,PER,2020,11136.991,
Peru,PER,2021,12550.461,
Peru,PER,2022,12762.967,
Philippines,PHL,2018,8234.928,
Philippines,PHL,2019,8602.1455,
Philippines,PHL,2020,7624.4136,
Philippines,PHL,2021,7894.1777,
Philippines,PHL,2022,8370.666,
Poland,POL,2018,27880.836,
Poland,POL,2019,29142.023,
Poland,POL,2020,28577.14,
Poland,POL,2021,30687.662,
Poland,POL,2022,32468.402,
Portugal,PRT,2018,27329.69,
Portugal,PRT,2019,28056.057,
Portugal,PRT,2020,25700.283,
Portugal,PRT,2021,27138.479,
Portugal,PRT,2022,28992.059,
Puerto Rico,PRI,2018,34190.11,
Puerto Rico,PRI,2019,35041.33,
Puerto Rico,PRI,2020,33787.4,
Puerto Rico,PRI,2021,34095.492,
Puerto Rico,PRI,2022,35280.668,
Qatar,QAT,2018,152453.81,
Qatar,QAT,2019,150732.22,
Qatar,QAT,2020,143118.53,
Qatar,QAT,2021,143468.75,
Qatar,QAT,2022,149171.11,
Romania,ROU,2018,24000.455,
Romania,ROU,2019,23267.516,
Romania,ROU,2020,24799.71,
Romania,ROU,2021,26102.588,
Romania,ROU,2022,26197.904,
Russia,RUS,2018,24690.082,
Russia,RUS,2019,25244.12,
Russia,RUS,2020,24625.385,
Russia,RUS,2021,26119.947,
Russia,RUS,2022,25437.107,
Rwanda,RWA,2018,1908.049,
Rwanda,RWA,2019,2042.8529,
Rwanda,RWA,2020,1935.2662,
Rwanda,RWA,2021,2106.9736,
Rwanda,RWA,2022,2198.0662,
Saint Lucia,LCA,2018,11060.511,
Saint Lucia,LCA,2019,10977.819,
Saint Lucia,LCA,2020,8164.9062,
Saint Lucia,LCA,2021,9067.721,
Saint Lucia,LCA,2022,10452.165,
Sao Tome and Principe,STP,2018,3756.814,
Sao Tome and Principe,STP,2019,3781.2275,
Sao Tome and Principe,STP,2020,3826.3755,
Sao Tome and Principe,STP,2021,3821.0012,
Sao Tome and Principe,STP,2022,3751.6428,
Saudi Arabia,SAU,2018,50906.484,
Saudi Arabia,SAU,2019,50123.336,
Saudi Arabia,SAU,2020,46723.93,
Saudi Arabia,SAU,2021,49841.145,
Saudi Arabia,SAU,2022,53516.91,
Senegal,SEN,2018,2514.8071,
Senegal,SEN,2019,2559.8176,
Senegal,SEN,2020,2524.2656,
Senegal,SEN,2021,2607.2322,
Senegal,SEN,2022,2660.6816,
Serbia,SRB,2018,14579.859,
Serbia,SRB,2019,15293.246,
Serbia,SRB,2020,15256.421,
Serbia,SRB,2021,16563.828,
Serbia,SRB,2022,17097.686,
Seychelles,SYC,2018,31524.877,
Seychelles,SYC,2019,32745.871,
Seychelles,SYC,2020,29647.482,
Seychelles,SYC,2021,30125.953,
Seychelles,SYC,2022,31055.39,
Sierra Leone,SLE,2018,1660.427,
Sierra Leone,SLE,2019,1707.3713,
Sierra Leone,SLE,2020,1635.713,
Sierra Leone,SLE,2021,1665.1047,
Sierra Leone,SLE,2022,1690.4982,
Singapore,SGP,2018,74518.15,
Singapore,SGP,2019,74649.734,
Singapore,SGP,2020,71964.7,
Singapore,SGP,2021,77945.484,
Singapore,SGP,2022,80320.086,
Slovakia,SVK,2018,26790.652,
Slovakia,SVK,2019,27429.225,
Slovakia,SVK,2020,26468.295,
Slovakia,SVK,2021,27365.623,
Slovakia,SVK,2022,27519.287,
Slovenia,SVN,2018,29461.344,
Slovenia,SVN,2019,30229.299,
Slovenia,SVN,2020,28733.303,
Slovenia,SVN,2021,31019.943,
Slovenia,SVN,2022,32673.762,
South Africa,ZAF,2018,11873.3,
South Africa,ZAF,2019,11739.936,
South Africa,ZAF,2020,10839.133,
South Africa,ZAF,2021,11273.159,
South Africa,ZAF,2022,11415.887,
South Korea,KOR,2018,38214.324,
South Korea,KOR,2019,38935.992,
South Korea,KOR,2020,38606.984,
South Korea,KOR,2021,40277.953,
South Korea,KOR,2022,41320.9,
South and South East Asia (Maddison),,2018,7778.0244,
South and South East Asia (Maddison),,2019,8027.9653,
South and South East Asia (Maddison),,2020,7590.1543,
South and South East Asia (Maddison),,2021,7983.717,
South and South East Asia (Maddison),,2022,8377.074,
Spain,ESP,2018,34553.625,
Spain,ESP,2019,34957.465,
Spain,ESP,2020,30834.514,
Spain,ESP,2021,32553.05,
Spain,ESP,2022,34123.387,
Sri Lanka,LKA,2018,12051.547,
Sri Lanka,LKA,2019,11939.55,
Sri Lanka,LKA,2020,11447.249,
Sri Lanka,LKA,2021,11751.948,
Sri Lanka,LKA,2022,10705.481,
Sub Saharan Africa (Maddison),,2018,3480.8083,
Sub Saharan Africa (Maddison),,2019,3488.1553,
Sub Saharan Africa (Maddison),,2020,3335.987,
Sub Saharan Africa (Maddison),,2021,3398.5784,
Sub Saharan Africa (Maddison),,2022,3436.5957,
Sudan (former),,2018,2908.529,
Sudan (former),,2019,2757.3862,
Sudan (former),,2020,2586.8955,
Sudan (former),,2021,2532.7058,
Sudan (former),,2022,2405.275,
Sweden,SWE,2018,45003.492,
Sweden,SWE,2019,45434.402,
Sweden,SWE,2020,44128.332,
Sweden,SWE,2021,46226.543,
Sweden,SWE,2022,47126.13,
Switzerland,CHE,2018,62185.477,
Switzerland,CHE,2019,62448.598,
Switzerland,CHE,2020,60521.26,
Switzerland,CHE,2021,62595.31,
Switzerland,CHE,2022,63323.254,
Syria,SYR,2018,3418.6953,
Syria,SYR,2019,3385.4192,
Syria,SYR,2020,2903.7397,
Syria,SYR,2021,2682.3398,
Syria,SYR,2022,2494.7612,
Taiwan,TWN,2018,45817.938,
Taiwan,TWN,2019,47200.254,
Taiwan,TWN,2020,48779.438,
Taiwan,TWN,2021,51943.883,
Taiwan,TWN,2022,53142.984,
Tajikistan,TJK,2018,4440.1567,
Tajikistan,TJK,2019,4695.543,
Tajikistan,TJK,2020,4828.3936,
Tajikistan,TJK,2021,5205.606,
Tajikistan,TJK,2022,5507.5454,
Tanzania,TZA,2018,2785.1824,
Tanzania,TZA,2019,2894.6472,
Tanzania,TZA,2020,2948.4724,
Tanzania,TZA,2021,3008.113,
Tanzania,TZA,2022,3057.3286,
Thailand,THA,2018,16610.05,
Thailand,THA,2019,16905.293,
Thailand,THA,2020,15815.915,
Thailand,THA,2021,16019.519,
Thailand,THA,2022,16421.072,
Togo,TGO,2018,1466.341,
Togo,TGO,2019,1501.8667,
Togo,TGO,2020,1482.7515,
Togo,TGO,2021,1534.8236,
Togo,TGO,2022,1586.5889,
Trinidad and Tobago,TTO,2018,27863.434,
Trinidad and Tobago,TTO,2019,27582.568,
Trinidad and Tobago,TTO,2020,25548.51,
Trinidad and Tobago,TTO,2021,25237.664,
Trinidad and Tobago,TTO,2022,25773.006,
Tunisia,TUN,2018,11376.29,
Tunisia,TUN,2019,11451.897,
Tunisia,TUN,2020,10354.239,
Tunisia,TUN,2021,10726.256,
Tunisia,TUN,2022,10913.846,
Turkey,TUR,2018,23650.49,
Turkey,TUR,2019,23497.504,
Turkey,TUR,2020,23721.88,
Turkey,TUR,2021,26175.93,
Turkey,TUR,2022,27361.988,
Turkmenistan,TKM,2018,18064.107,
Turkmenistan,TKM,2019,17264.172,
Turkmenistan,TKM,2020,16580.84,
Turkmenistan,TKM,2021,17169.06,
Turkmenistan,TKM,2022,17234.555,
USSR,OWID_USS,2018,18906.762,
USSR,OWID_USS,2019,19369.428,
USSR,OWID_USS,2020,18851.242,
USSR,OWID_USS,2021,19871.102,
USSR,OWID_USS,2022,19354.709,
Uganda,UGA,2018,2036.3313,
Uganda,UGA,2019,2128.9087,
Uganda,UGA,2020,2032.2618,
Uganda,UGA,2021,2083.8281,
Uganda,UGA,2022,2122.0278,
Ukraine,UKR,2018,9827.172,
Ukraine,UKR,2019,10139.761,
Ukraine,UKR,2020,9769.828,
Ukraine,UKR,2021,10133.885,
Ukraine,UKR,2022,7749.0996,
United Arab Emirates,ARE,2018,74206.484,
United Arab Emirates,ARE,2019,74396.14,
United Arab Emirates,ARE,2020,70188.27,
United Arab Emirates,ARE,2021,72460.04,
United Arab Emirates,ARE,2022,77203.67,
United Kingdom,GBR,2018,38704.6,
United Kingdom,GBR,2019,39113.01,
United Kingdom,GBR,2020,34651.184,
United Kingdom,GBR,2021,37134.33,
United Kingdom,GBR,2022,38406.53,
United States,USA,2018,55454.668,
United States,USA,2019,56469.26,
United States,USA,2020,54379.207,
United States,USA,2021,57522.703,
United States,USA,2022,58487.465,
Uruguay,URY,2018,19697.76,
Uruguay,URY,2019,19714.148,
Uruguay,URY,2020,18460.04,
Uruguay,URY,2021,19222.295,
Uruguay,URY,2022,20181.94,
Uzbekistan,UZB,2018,10682.418,
Uzbekistan,UZB,2019,11219.243,
Uzbekistan,UZB,2020,11341.919,
Uzbekistan,UZB,2021,12076.092,
Uzbekistan,UZB,2022,12559.401,
Venezuela,VEN,2018,9446.1875,
Venezuela,VEN,2019,7061.7617,
Venezuela,VEN,2020,4952.53,
Venezuela,VEN,2021,4896.802,
Venezuela,VEN,2022,5267.1753,
Vietnam,VNM,2018,6842.1387,
Vietnam,VNM,2019,7266.0483,
Vietnam,VNM,2020,7395.3613,
Vietnam,VNM,2021,7507.759,
Vietnam,VNM,2022,8050.359,
Western Europe (Maddison),,2018,40640.984,
Western Europe (Maddison),,2019,41090.758,
Western Europe (Maddison),,2020,38162.535,
Western Europe (Maddison),,2021,40164.14,
Western Europe (Maddison),,2022,41323.023,
Western offshoots (Maddison),,2018,53866.645,"United States, Canada, Australia and New Zealand"
Western offshoots (Maddison),,2019,54730.81,"United States, Canada, Australia and New Zealand"
Western offshoots (Maddison),,2020,52617.65,"United States, Canada, Australia and New Zealand"
Western offshoots (Maddison),,2021,55576.02,"United States, Canada, Australia and New Zealand"
Western offshoots (Maddison),,2022,56567.887,"United States, Canada, Australia and New Zealand"
World,OWID_WRL,2018,15814.849,
World,OWID_WRL,2019,16091.449,
World,OWID_WRL,2020,15461.187,
World,OWID_WRL,2021,16282.981,
World,OWID_WRL,2022,16676.75,
Yemen,YEM,2018,2281.545,
Yemen,YEM,2019,2265.343,
Yemen,YEM,2020,2031.4436,
Yemen,YEM,2021,1972.2102,
Yemen,YEM,2022,1959.3195,
Yugoslavia,OWID_YGS,2018,16824.555,
Yugoslavia,OWID_YGS,2019,17524.213,
Yugoslavia,OWID_YGS,2020,16757.94,
Yugoslavia,OWID_YGS,2021,18491.682,
Yugoslavia,OWID_YGS,2022,19352.385,
Zambia,ZMB,2018,3521.5051,
Zambia,ZMB,2019,3466.2363,
Zambia,ZMB,2020,3270.599,
Zambia,ZMB,2021,3321.5945,
Zambia,ZMB,2022,3342.4214,
Zimbabwe,ZWE,2018,1900.1992,
Zimbabwe,ZWE,2019,1753.0244,
Zimbabwe,ZWE,2020,1585.9728,
Zimbabwe,ZWE,2021,1687.2532,
Zimbabwe,ZWE,2022,1703.5294,
